{"cameraMode":{"drawMode":0,"name":"Shaded","section":"Shading Mode"},"sceneLighting":true,"audioPlay":false,"sceneViewState":{"showFog":true,"showMaterialUpdate":false,"showSkybox":true,"showFlares":true,"showImageEffects":true,"showParticleSystems":true},"in2DMode":false,"pivot":{"x":-1.3133305311203004,"y":1.5604453086853028,"z":2.992004156112671},"rotation":{"x":-0.10952602326869965,"y":-0.40515971183776858,"z":0.04909634217619896,"w":-0.906413197517395},"size":3.3252663612365724,"orthographic":false}